Player Name,Position,Type,Wins,Losses,Overtime Losses,Points,Goals,Assists,+/-,Shots,Hits,Penalty Minutes,Faceoff %,Shot %,Takeaways,Giveaways,Blocks,Shots Against,Save %,Goals Against,Saves,GAA,Games Played,Points Per Game,Win %
Chooch780,Center,C,8,27,2,80,39,41,-52,161,533,87:00,40.9,24.2,103,131,9,0,0,0,0,0,37,2.1621621621621623,0.21621621621621623
DirtyDeeds200,Left Defense,LD,44,41,7,81,13,68,-32,129,26,102:00,0,10.1,341,585,109,0,0,0,0,0,92,0.8804347826086957,0.4782608695652174
He_H8_Me_85,Center,C,58,74,17,299,138,160,-122,668,360,86:00,47.9,20.7,357,940,78,0,0,0,0,0,149,2.0067114093959733,0.38926174496644295
TheRawdawg69,Left Wing,LW,2,4,0,6,4,2,-5,21,17,14:00,0,19,13,45,0,0,0,0,0,0,6,1,0.3333333333333333
YaBoiWattsy,Center,C,0,0,0,0,0,0,0,0,0,0:00,0,0,0,0,0,0,0,0,0,0,0,0,0
gregroth12,Center,C,6,25,3,52,31,21,-78,140,112,43:00,44.3,22.1,96,378,30,0,0,0,0,0,34,1.5294117647058822,0.17647058823529413
dlp3273,Right Wing,RW,6,14,2,24,12,12,-59,118,122,25:00,44.8,10.2,45,204,21,0,0,0,0,0,22,1.0909090909090908,0.2727272727272727
Oppiicity,Right Wing,RW,19,8,2,91,42,49,30,132,62,47:00,41.4,31.8,88,430,16,0,0,0,0,0,29,3.1379310344827585,0.6551724137931034
EclipzOT,Goalie,,0,0,0,0,0,0,0,0,0,,0,0,0,0,0,0,0,0,0,0,0,0,0
ender554,Left Defense,LD,15,10,1,21,2,19,14,37,37,20:00,0,5.4,60,160,36,0,0,0,0,0,26,0.8076923076923077,0.5769230769230769
Semp3rjuggal0,Center,C,5,23,0,34,22,12,-102,115,78,54:00,36.6,19.1,77,265,25,0,0,0,0,0,28,1.2142857142857142,0.17857142857142858
Carbeen-,Goalie,,0,0,0,0,0,0,0,0,0,,0,0,0,0,0,0,0,0,0,0,0,0,0
KoltTheBolt45,Right Wing,RW,8,15,0,54,23,31,-35,82,40,18:00,31.6,28,59,323,8,0,0,0,0,0,23,2.347826086956522,0.34782608695652173
rimms_usamp_85,Right Defense,RD,4,17,0,16,2,14,-67,15,127,30:00,0,13.3,52,96,33,0,0,0,0,0,21,0.7619047619047619,0.19047619047619047
iPovrty,Goalie,,0,0,0,0,0,0,0,0,0,,0,0,0,0,0,0,0,0,0,0,0,0,0
Brandflakes29,Right Wing,RW,17,28,2,90,48,42,-52,207,97,23:00,33.3,23.2,107,411,10,0,0,0,0,0,47,1.9148936170212767,0.3617021276595745
Scrueyouhippy,Center,C,30,40,3,144,64,80,-93,248,42,60:00,38.4,25.8,228,633,54,0,0,0,0,0,73,1.9726027397260273,0.410958904109589
Bong_Brothers,Goalie,G,10,30,0,0,0,0,0,0,0,0:00,0,0,0,0,0,805,0.745,205,600,5.07,40,0,0.25
Rbobby1420,Right Defense,RD,2,4,0,1,0,1,-16,6,9,14:00,0,0,15,6,7,0,0,0,0,0,6,0.16666666666666666,0.3333333333333333
riccoakasuave,Right Defense,RD,14,21,4,31,2,29,-38,45,164,33:00,0,4.4,118,252,29,0,0,0,0,0,39,0.7948717948717948,0.358974358974359
IrIsh__InVaSiOn,Left Wing,LW,0,7,1,13,7,6,-23,29,4,10:00,50,24.1,14,91,1,0,0,0,0,0,8,1.625,0
talkingstick92,Left Wing,LW,2,1,0,6,4,2,-4,15,6,2:00,0,26.7,7,38,2,0,0,0,0,0,3,2,0.6666666666666666
Duval_blooded,Right Defense,RD,80,102,18,134,13,121,-158,218,554,298:00,0,6,586,1101,81,0,0,0,0,0,200,0.67,0.4
Hot_logger,Left Defense,,0,0,0,0,0,0,0,0,0,,0,0,0,0,0,0,0,0,0,0,0,0,0
PrimeTimeSD-,Right Defense,RD,0,1,1,1,0,1,-2,0,8,2:00,0,0,7,14,3,0,0,0,0,0,2,0.5,0
MDicus96,Center,C,6,2,0,26,15,11,11,55,10,6:00,49,27.3,25,56,11,0,0,0,0,0,8,3.25,0.75
Doubledose86,Right Wing,RW,44,72,6,243,108,135,-126,377,274,98:00,37.5,28.6,273,1085,3,0,0,0,0,0,122,1.9918032786885247,0.36065573770491804
wyleestyle,Left Defense,LD,43,41,3,55,4,51,-12,70,260,107:00,0,5.7,229,284,91,0,0,0,0,0,87,0.632183908045977,0.4942528735632184
Dubbc1982,Left Wing,LW,10,13,1,38,20,18,-8,81,209,31:00,0,24.7,54,174,3,0,0,0,0,0,24,1.5833333333333333,0.4166666666666667
Xilic_woodyYT,Left Defense,LD,6,3,3,10,1,9,4,10,24,4:00,0,10,24,85,15,0,0,0,0,0,12,0.8333333333333334,0.5
Dylagan23,Right Wing,RW,10,14,0,63,32,31,-24,89,6,14:00,56.3,36,70,307,14,0,0,0,0,0,24,2.625,0.4166666666666667
XxToHellYouGoXx,Right Wing,RW,4,8,2,29,20,9,-15,67,103,23:00,16.7,29.9,39,176,11,0,0,0,0,0,14,2.0714285714285716,0.2857142857142857
justwarminup99,Right Defense,RD,13,6,0,19,1,18,26,27,27,20:00,0,3.7,77,125,21,0,0,0,0,0,19,1,0.6842105263157895
PlayBoiCenterSG-,Center,C,37,48,5,155,64,91,-93,433,184,139:00,43.9,14.8,236,772,24,0,0,0,0,0,90,1.7222222222222223,0.4111111111111111
lMike2Dopel,Right Wing,RW,90,90,9,476,240,236,-3,729,410,215:00,44.6,32.9,392,1451,17,0,0,0,0,0,189,2.5185185185185186,0.47619047619047616
Mercuxide,Center,C,1,1,0,3,1,2,2,9,0,0:00,62,11.1,4,21,4,0,0,0,0,0,2,1.5,0.5
KnightLax27,Left Defense,LD,12,15,1,21,4,17,-39,42,66,13:00,0,9.5,86,187,37,0,0,0,0,0,28,0.75,0.42857142857142855
joe_canzo1987,Left Wing,LW,0,2,0,0,0,0,-8,2,1,2:00,0,0,7,32,0,0,0,0,0,0,2,0,0
ForrestGump_8,Goalie,G,4,10,0,0,0,0,0,0,0,0:00,0,0,0,0,0,265,0.709,77,188,5.27,14,0,0.2857142857142857
LeaFx16,Right Wing,RW,9,8,2,48,24,24,1,89,38,20:00,36.4,27,36,252,10,0,0,0,0,0,19,2.526315789473684,0.47368421052631576
dantas101,Left Defense,,0,0,0,0,0,0,0,0,0,,0,0,0,0,0,0,0,0,0,0,0,0,0
Leprechaunn_90,Right Wing,RW,43,58,9,238,173,65,-112,561,404,112:00,41.3,30.8,223,1162,16,0,0,0,0,0,110,2.1636363636363636,0.39090909090909093
youmustbejokin,Center,C,40,27,3,189,86,103,47,313,4,72:00,46.8,27.5,243,689,23,0,0,0,0,0,70,2.7,0.5714285714285714
hickseytricks44,Goalie,G,7,18,2,0,0,0,0,0,0,0:00,0,0,0,0,0,462,0.673,151,311,5.33,27,0,0.25925925925925924
DCExclusive,Left Defense,LD,5,9,2,7,1,6,-39,9,72,6:00,0,11.1,48,100,15,0,0,0,0,0,16,0.4375,0.3125
Collozy,Left Defense,LD,75,85,12,142,27,115,-70,178,460,164:00,100,15.2,468,1283,137,0,0,0,0,0,172,0.8255813953488372,0.436046511627907
Gino_135,Left Wing,LW,22,3,4,98,46,52,69,123,158,10:00,66.7,37.4,78,321,15,0,0,0,0,0,29,3.3793103448275863,0.7586206896551724
MacK-AttacK16,Right Defense,RD,12,18,3,22,2,20,-42,30,108,36:00,0,6.7,94,173,49,0,0,0,0,0,33,0.6666666666666666,0.36363636363636365
ARSR--27,Left Defense,,0,0,0,0,0,0,0,0,0,,0,0,0,0,0,0,0,0,0,0,0,0,0
Kickboxer31,Center,C,7,16,0,40,23,17,-29,81,25,6:00,49.2,28.4,81,133,26,0,0,0,0,0,23,1.7391304347826086,0.30434782608695654
Brandon19___,Goalie,G,13,13,4,0,0,0,0,0,0,0:00,0,0,0,0,0,495,0.786,106,389,3.47,30,0,0.43333333333333335
MattyKoto,Goalie,G,10,16,1,1,0,1,0,0,0,0:00,0,0,0,0,0,482,0.72,135,347,4.94,27,0.037037037037037035,0.37037037037037035
isles44,Left Defense,LD,43,66,10,66,3,63,-140,102,120,171:00,100,2.9,340,640,89,0,0,0,0,0,119,0.5546218487394958,0.36134453781512604
Leprechaun4488,Center,C,4,12,4,34,15,19,-17,54,47,13:00,51.4,27.8,32,187,21,0,0,0,0,0,20,1.7,0.2
Locust_Summit,Right Wing,RW,10,14,1,39,16,23,-6,95,54,22:00,57.9,16.8,77,289,23,0,0,0,0,0,25,1.56,0.4
AgentF_01,Center,C,16,23,8,109,38,71,-55,148,155,38:00,55.2,25.7,137,369,64,0,0,0,0,0,47,2.3191489361702127,0.3404255319148936
x-PoIar,Right Wing,RW,4,2,0,15,8,7,0,15,17,7:00,100,53.3,16,93,0,0,0,0,0,0,6,2.5,0.6666666666666666
TheGreat1_Qc,Left Wing,LW,28,39,2,139,83,56,-70,311,200,88:00,100,26.7,194,1014,18,0,0,0,0,0,69,2.0144927536231885,0.4057971014492754
XxWeTheNORTHxX,Left Defense,LD,11,15,4,17,0,17,-32,28,96,43:00,0,0,92,207,0,0,0,0,0,0,30,0.5666666666666667,0.36666666666666664
WINKANDYOUDIE,Right Defense,RD,1,9,2,3,0,3,-25,7,67,11:00,0,0,30,54,9,0,0,0,0,0,12,0.25,0.08333333333333333
ForanPolicy,Right Wing,RW,3,4,1,19,10,9,-3,40,8,8:00,55.6,25,19,62,4,0,0,0,0,0,8,2.375,0.375
Hulksmash8649,Left Defense,LD,5,10,3,9,0,9,-13,17,109,34:00,0,0,55,83,25,0,0,0,0,0,18,0.5,0.2777777777777778
WillyStroker14,Center,,0,0,0,0,0,0,0,0,0,,0,0,0,0,0,0,0,0,0,0,0,0,0
Kaexx76,Goalie,G,0,4,0,0,0,0,0,0,0,0:00,0,0,0,0,0,91,0.626,34,57,8.5,4,0,0
BigIrishJim,Goalie,G,12,20,4,0,0,0,0,0,0,0:00,0,0,0,0,0,587,0.758,142,445,3.84,36,0,0.3333333333333333
RowlandV2,Right Defense,RD,17,5,2,18,4,14,17,21,39,30:00,0,19,62,127,22,0,0,0,0,0,24,0.75,0.7083333333333334
North_Blackfoot,Right Defense,RD,2,5,0,1,1,0,-20,5,13,8:00,0,20,20,49,5,0,0,0,0,0,7,0.14285714285714285,0.2857142857142857
RiDiCuLuS_MaRk,Left Wing,LW,0,1,1,5,2,3,-2,7,1,2:00,0,28.6,7,24,1,0,0,0,0,0,2,2.5,0
KrazyKanuk_l77l,Center,C,26,35,6,83,44,39,-68,215,196,73:00,50.2,20.5,162,490,25,0,0,0,0,0,67,1.2388059701492538,0.3880597014925373
AyWaves,Right Wing,RW,2,5,0,17,10,7,-4,23,17,16:00,25,43.5,24,95,4,0,0,0,0,0,7,2.4285714285714284,0.2857142857142857
Acarey128,Left Defense,LD,28,13,3,44,1,43,54,45,51,32:00,0,2.2,145,254,53,0,0,0,0,0,44,1,0.6363636363636364
Heaters50in07,Goalie,G,51,51,5,0,0,0,0,0,0,0:00,0,0,0,0,0,1673,0.766,392,1281,3.64,107,0,0.4766355140186916
Squeegydingers87,Right Wing,RW,25,15,2,156,105,51,37,282,24,56:00,42.1,37.2,110,498,9,0,0,0,0,0,42,3.7142857142857144,0.5952380952380952
schnably,Right Defense,RD,19,26,2,25,1,24,-41,27,133,30:00,0,3.7,140,239,60,0,0,0,0,0,47,0.5319148936170213,0.40425531914893614
Pucks4Breakfast9,Left Defense,LD,15,38,5,29,4,25,-90,60,277,38:00,0,6.7,128,299,18,0,0,0,0,0,58,0.5,0.25862068965517243
VIIIXIIIMCMXCVII,Goalie,G,14,13,2,0,0,0,0,0,0,0:00,0,0,0,0,0,414,0.744,106,308,3.61,29,0,0.4827586206896552
x9xMRHOCKEYx9x,Left Defense,LD,10,15,3,12,0,12,-25,25,82,26:00,0,0,113,125,10,0,0,0,0,0,28,0.42857142857142855,0.35714285714285715
Billybobjo12344,Center,,0,0,0,0,0,0,0,0,0,,0,0,0,0,0,0,0,0,0,0,0,0,0
Poololli843,Left Defense,LD,1,11,0,3,0,3,-27,2,36,12:00,0,0,34,66,21,0,0,0,0,0,12,0.25,0.08333333333333333
xMr-Stevens_17,Right Defense,,0,0,0,0,0,0,0,0,0,,0,0,0,0,0,0,0,0,0,0,0,0,0
R_chambz69,Right Wing,RW,0,5,1,9,3,6,-20,16,18,4:00,61.5,18.8,17,51,4,0,0,0,0,0,6,1.5,0
hellebxyck,Goalie,G,87,31,13,0,0,0,0,0,0,0:00,0,0,0,0,0,2015,0.85,303,1712,2.21,131,0,0.6641221374045801
Slaney_709,Right Defense,RD,8,11,1,9,0,9,-14,10,29,22:00,0,0,51,70,44,0,0,0,0,0,20,0.45,0.4
CoyoteSZN-ttv,Goalie,,0,0,0,0,0,0,0,0,0,,0,0,0,0,0,0,0,0,0,0,0,0,0
Guybirdd,Center,C,46,27,7,206,81,125,49,310,211,68:00,48.2,26.1,276,911,16,0,0,0,0,0,80,2.575,0.575
Trippy17,Left Wing,LW,56,33,5,189,79,110,15,325,375,74:00,50,24.3,193,888,21,0,0,0,0,0,94,2.0106382978723403,0.5957446808510638
x-Debbymachete,Right Defense,RD,12,10,1,21,3,18,4,42,18,24:00,0,7.1,58,123,25,0,0,0,0,0,23,0.9130434782608695,0.5217391304347826
Enragedfury,Goalie,G,95,87,14,0,0,0,0,0,0,0:00,0,0,0,0,0,2961,0.779,653,2308,3.29,196,0,0.4846938775510204
Sens-army-68,Right Wing,RW,10,12,2,59,32,27,-17,115,107,22:00,50,27.8,67,297,17,0,0,0,0,0,24,2.4583333333333335,0.4166666666666667
johngadd,Left Wing,LW,1,2,2,5,3,2,-3,23,22,8:00,0,13,14,84,2,0,0,0,0,0,5,1,0.2
vanh33zi3,Right Defense,RD,6,11,2,17,2,15,2,26,40,21:00,0,7.7,54,99,28,0,0,0,0,0,19,0.8947368421052632,0.3157894736842105
Wozy97,Center,C,4,4,2,24,14,10,-2,36,33,10:00,47.2,38.9,23,64,6,0,0,0,0,0,10,2.4,0.4
K2ev7iN,Right Wing,RW,4,2,0,28,15,13,18,36,13,2:00,18.2,41.7,12,49,1,0,0,0,0,0,6,4.666666666666667,0.6666666666666666
Bianco_Neri1,Center,C,10,11,1,66,27,39,-4,86,49,33:00,51.4,31.4,53,256,21,0,0,0,0,0,22,3,0.45454545454545453
USSAILOR24,Left Wing,LW,10,15,1,78,43,35,-6,144,58,29:00,100,29.9,74,267,11,0,0,0,0,0,26,3,0.38461538461538464
Jimbo_Slice093,Left Defense,LD,51,58,9,58,5,53,-101,162,245,121:00,100,3.1,294,757,47,0,0,0,0,0,118,0.4915254237288136,0.4322033898305085
RattleheadD19,Center,,0,0,0,0,0,0,0,0,0,,0,0,0,0,0,0,0,0,0,0,0,0,0
ItsGleyberDay25,Right Wing,RW,4,4,2,20,13,7,2,38,9,2:00,50,34.2,18,130,0,0,0,0,0,0,10,2,0.4
Benzymcnasty,Center,C,14,12,2,57,15,42,-11,108,213,48:00,54.4,13.9,91,290,32,0,0,0,0,0,28,2.0357142857142856,0.5
DCRestrictive,Right Defense,RD,6,7,3,7,0,7,-25,15,36,18:00,0,0,51,80,38,0,0,0,0,0,16,0.4375,0.375
Crusader3200,Center,C,1,6,0,8,4,4,-16,15,10,10:00,46.8,26.7,14,70,8,0,0,0,0,0,7,1.1428571428571428,0.14285714285714285
Hazlitt5,Center,C,8,12,2,50,18,32,-27,85,92,24:00,51.4,21.2,67,194,23,0,0,0,0,0,22,2.272727272727273,0.36363636363636365
GrandMastrCheech,Right Wing,RW,0,0,0,0,0,0,0,0,0,0:00,0,0,0,0,0,0,0,0,0,0,0,0,0
Rejects_77,Center,C,2,1,0,5,2,3,3,6,3,2:00,37.3,33.3,6,22,4,0,0,0,0,0,3,1.6666666666666667,0.6666666666666666
AjijaakNini,Left Wing,LW,8,12,3,41,24,17,-25,95,77,10:00,0,25.3,63,320,13,0,0,0,0,0,23,1.7826086956521738,0.34782608695652173
OrangesForHands,Right Defense,RD,28,11,3,44,6,38,45,40,70,47:00,100,15,144,292,33,0,0,0,0,0,42,1.0476190476190477,0.6666666666666666
MikeKnox85,Left Wing,LW,13,26,4,65,36,29,-70,137,47,86:00,0,26.3,97,439,11,0,0,0,0,0,43,1.5116279069767442,0.3023255813953488
Neo_G0AtdX97,Left Wing,LW,4,6,0,21,13,8,-8,48,12,10:00,0,27.1,14,89,2,0,0,0,0,0,10,2.1,0.4
lil_skw3rl,Center,C,19,20,3,92,37,55,-1,134,210,30:00,50.6,27.6,93,307,12,0,0,0,0,0,42,2.1904761904761907,0.4523809523809524
IM-BATMAN-Ml,Left Defense,LD,57,54,5,64,6,58,-17,102,488,118:00,0,5.9,279,602,59,0,0,0,0,0,116,0.5517241379310345,0.49137931034482757
oDeletedUser,Right Wing,RW,4,3,0,12,4,8,-6,39,5,2:00,0,10.3,14,62,1,0,0,0,0,0,7,1.7142857142857142,0.5714285714285714
snipshow-lindy,Center,,0,0,0,0,0,0,0,0,0,,0,0,0,0,0,0,0,0,0,0,0,0,0
Mxte-Oshnut-,Left Wing,LW,1,1,0,3,2,1,-5,11,6,2:00,0,18.2,7,18,0,0,0,0,0,0,2,1.5,0.5
TheSlurricane420,Right Wing,RW,1,10,0,13,8,5,-39,43,21,23:00,40,18.6,16,100,10,0,0,0,0,0,11,1.1818181818181819,0.09090909090909091
Heatmiser47,Left Defense,LD,11,12,5,12,1,11,-4,17,121,50:00,0,5.9,79,118,31,0,0,0,0,0,28,0.42857142857142855,0.39285714285714285
xTheKraZe96x,Center,C,2,1,0,2,0,2,2,14,2,2:00,40.8,0,11,15,3,0,0,0,0,0,3,0.6666666666666666,0.6666666666666666
thebrothersiron,Center,C,0,1,0,0,0,0,-6,1,1,4:00,50,0,3,2,1,0,0,0,0,0,1,0,0
Doc_Gamble,Left Wing,,0,0,0,0,0,0,0,0,0,,0,0,0,0,0,0,0,0,0,0,0,0,0
TheBigDirtyStads,Right Wing,RW,2,3,1,9,4,5,-6,23,12,8:00,0,17.4,8,66,4,0,0,0,0,0,6,1.5,0.3333333333333333
II-DEMON11-II,Right Wing,RW,4,2,0,13,3,10,1,19,13,10:00,28.6,15.8,20,124,2,0,0,0,0,0,6,2.1666666666666665,0.6666666666666666
Stubby75,Right Defense,RD,22,44,3,48,13,35,-90,132,203,64:00,0,9.8,158,325,47,0,0,0,0,0,69,0.6956521739130435,0.3188405797101449
YellowBannana314,Goalie,,0,0,0,0,0,0,0,0,0,,0,0,0,0,0,0,0,0,0,0,0,0,0
hockey8127,Right Wing,RW,4,4,1,17,9,8,-3,33,23,4:00,31.3,27.3,20,72,6,0,0,0,0,0,9,1.8888888888888888,0.4444444444444444
Oakley1169,Goalie,G,65,74,19,0,0,0,0,0,0,0:00,0,0,0,0,0,2842,0.799,570,2272,3.5,158,0,0.41139240506329117
EyesOfWarfare,Right Wing,RW,0,2,0,3,1,2,-1,5,3,4:00,80,20,5,13,4,0,0,0,0,0,2,1.5,0
Frody410,Left Wing,LW,82,67,10,418,225,193,29,681,218,175:00,25,33,394,2213,15,0,0,0,0,0,159,2.6289308176100628,0.5157232704402516
Bmarche2001,Goalie,G,35,57,11,0,0,0,0,0,0,0:00,0,0,0,0,0,1799,0.766,421,1378,4.06,103,0,0.33980582524271846
robobeanaz,Left Wing,LW,6,15,1,47,29,18,-28,98,34,32:00,0,29.6,54,238,5,0,0,0,0,0,22,2.1363636363636362,0.2727272727272727
Ninjajoe10r,Left Defense,LD,45,55,6,70,5,65,-64,154,285,87:00,100,3.2,299,553,70,0,0,0,0,0,106,0.660377358490566,0.42452830188679247
Ostrichtrot,Left Wing,LW,6,11,3,40,18,22,-16,72,21,20:00,0,25,60,235,4,0,0,0,0,0,20,2,0.3
NoussGP,Left Defense,LD,0,5,0,2,2,0,-24,4,11,6:00,0,50,8,24,13,0,0,0,0,0,5,0.4,0
WordsWithJT,Right Wing,RW,3,3,0,6,0,6,-3,3,9,10:00,16.7,0,12,70,4,0,0,0,0,0,6,1,0.5
Lapensee182,Left Defense,LD,6,12,3,14,0,14,-25,15,72,36:00,0,0,56,94,28,0,0,0,0,0,21,0.6666666666666666,0.2857142857142857
alexandros0987,Goalie,G,61,63,8,0,0,0,0,0,0,0:00,0,0,0,0,0,2293,0.795,471,1822,3.44,132,0,0.4621212121212121
Springdogg,Left Wing,LW,73,105,18,428,212,217,-146,745,276,153:00,42.9,28.5,419,2355,21,0,0,0,0,0,196,2.183673469387755,0.37244897959183676
LxBriinkk,Right Wing,RW,70,65,10,325,150,175,-18,464,200,163:00,38.3,32.3,329,1971,36,0,0,0,0,0,145,2.2413793103448274,0.4827586206896552
AJota1112,Center,C,15,26,2,85,37,48,-36,125,47,42:00,46.3,29.6,108,298,16,0,0,0,0,0,43,1.9767441860465116,0.3488372093023256
pinkman1318,Center,C,1,2,0,4,1,3,-1,7,17,6:00,51.6,14.3,12,27,2,0,0,0,0,0,3,1.3333333333333333,0.3333333333333333
DATS-NASTY24,Right Defense,RD,11,13,0,22,6,16,-12,35,36,18:00,0,17.1,76,206,39,0,0,0,0,0,24,0.9166666666666666,0.4583333333333333
GetsxBusy,Right Wing,RW,95,113,24,457,235,222,-138,1010,936,123:00,33.2,23.3,496,2452,17,0,0,0,0,0,232,1.9698275862068966,0.40948275862068967
Redwingking,Left Defense,LD,7,13,2,8,0,8,-35,7,46,14:00,0,0,52,112,1,0,0,0,0,0,22,0.36363636363636365,0.3181818181818182
KllerJ,Right Defense,RD,64,94,12,109,11,98,-164,237,179,162:00,100,4.6,560,1006,60,0,0,0,0,0,170,0.6411764705882353,0.3764705882352941
Squid734,Right Defense,RD,12,17,3,13,0,14,-30,27,136,39:00,0,0,80,149,32,0,0,0,0,0,32,0.40625,0.375
Anthonyd1686,Right Wing,RW,133,101,18,560,253,309,-10,1252,355,344:00,30.2,20.2,589,2109,35,0,0,0,0,0,252,2.2222222222222223,0.5277777777777778
chokhan_mai-wang,Right Defense,RD,18,21,2,22,3,19,-40,35,168,45:00,0,8.6,117,247,32,0,0,0,0,0,41,0.5365853658536586,0.43902439024390244
OTFxPierre,Right Defense,RD,0,1,0,0,0,0,-2,0,0,0:00,0,0,2,4,0,0,0,0,0,0,1,0,0
PQ_TheSheriff18,Left Defense,LD,2,5,0,5,0,5,-7,0,4,4:00,0,0,18,30,8,0,0,0,0,0,7,0.7142857142857143,0.2857142857142857
TheIronThronee,Left Defense,LD,5,12,3,7,1,6,-15,12,23,10:00,100,8.3,51,137,24,0,0,0,0,0,20,0.35,0.25
LilChapy,Right Wing,RW,12,10,2,72,47,25,19,152,31,8:00,32.6,30.9,57,270,10,0,0,0,0,0,24,3,0.5
jasonw1978,Right Wing,RW,28,28,6,134,55,79,-1,239,70,40:00,42.4,23,130,496,36,0,0,0,0,0,62,2.161290322580645,0.45161290322580644
jonshadow12,Left Defense,LD,116,100,25,167,10,157,12,188,675,153:00,100,5.3,747,1015,145,2,1,0,2,0,241,0.6929460580912863,0.48132780082987553
Steveskin10,Center,C,7,5,1,30,9,21,7,42,53,16:00,57.1,21.4,43,107,9,0,0,0,0,0,13,2.3076923076923075,0.5384615384615384
TIMBOGY,Left Defense,LD,36,53,6,55,5,50,-57,61,159,78:00,0,8.2,263,386,67,0,0,0,0,0,95,0.5789473684210527,0.37894736842105264
xAsTrOnOmYx,Left Wing,LW,86,107,19,431,226,205,-117,1005,805,242:00,20,22.5,462,1983,41,0,0,0,0,0,212,2.0330188679245285,0.4056603773584906
B00radley420B,Left Wing,LW,11,18,3,52,24,28,-54,113,61,22:00,0,21.2,76,328,9,0,0,0,0,0,32,1.625,0.34375
Krysh55,Right Defense,RD,85,78,11,151,18,133,-16,283,292,137:00,100,6.4,522,1152,65,0,0,0,0,0,174,0.867816091954023,0.4885057471264368
MrHappyhappy1,Right Wing,RW,42,96,5,201,102,99,-180,456,242,116:00,32.2,22.4,212,1107,12,0,0,0,0,0,143,1.4055944055944056,0.2937062937062937
msmth,Right Defense,RD,19,23,3,32,4,28,-9,28,197,49:00,0,14.3,133,182,68,0,0,0,0,0,45,0.7111111111111111,0.4222222222222222
I_Dorito_I,Right Wing,RW,16,41,9,109,52,57,-125,262,96,87:00,29.8,19.8,148,804,15,0,0,0,0,0,66,1.6515151515151516,0.24242424242424243
BR_Skully,Left Defense,LD,1,1,0,5,1,4,6,7,2,0:00,0,14.3,5,6,0,0,0,0,0,0,2,2.5,0.5
Changuito74,Left Defense,LD,40,40,14,66,7,59,-41,91,557,132:00,0,7.7,209,414,76,0,0,0,0,0,94,0.7021276595744681,0.425531914893617
Isleezl,Left Defense,LD,98,80,13,135,10,125,-19,260,317,205:00,100,3.8,470,1032,160,0,0,0,0,0,191,0.7068062827225131,0.5130890052356021
M-L-N83,Left Wing,LW,59,87,15,338,168,170,-120,670,759,298:00,62.5,25.1,334,1454,30,0,0,0,0,0,161,2.099378881987578,0.36645962732919257
Ogsweetends,Left Wing,LW,21,23,3,102,55,47,-24,210,79,61:00,100,26.2,110,515,20,0,0,0,0,0,47,2.1702127659574466,0.44680851063829785
Muise1993,Right Defense,RD,5,6,3,17,3,14,3,16,44,18:00,0,18.8,40,43,12,0,0,0,0,0,14,1.2142857142857142,0.35714285714285715
Ix-Liq,Goalie,G,50,40,7,0,0,0,0,0,0,0:00,0,0,0,0,0,1600,0.754,394,1206,4.01,97,0,0.5154639175257731
Lock3rs420,Goalie,,0,0,0,0,0,0,0,0,0,,0,0,0,0,0,0,0,0,0,0,0,0,0
Lombard197,Right Wing,RW,23,31,3,112,51,61,-64,207,132,66:00,41.3,24.6,150,691,20,0,0,0,0,0,57,1.9649122807017543,0.40350877192982454
SN1PINGKING,Right Defense,RD,8,8,2,15,4,11,-4,30,87,30:00,0,13.3,46,71,2,0,0,0,0,0,18,0.8333333333333334,0.4444444444444444
AMD_3055,Left Defense,LD,0,2,0,1,0,1,-6,2,3,0:00,0,0,7,5,0,0,0,0,0,0,2,0.5,0
mjp71115,Center,C,0,3,0,8,2,6,-11,8,8,0:00,33.3,25,13,18,2,0,0,0,0,0,3,2.6666666666666665,0
Pxrfetti91-,Right Defense,,0,0,0,0,0,0,0,0,0,,0,0,0,0,0,0,0,0,0,0,0,0,0
Bufford80,Center,C,23,23,4,84,22,62,-13,98,115,111:00,52.8,22.4,142,413,13,0,0,0,0,0,50,1.68,0.46
Desainde81,Left Wing,LW,6,4,2,30,18,12,-3,55,61,6:00,33.3,32.7,24,107,4,0,0,0,0,0,12,2.5,0.5
CAUFIELDxI22I,Left Wing,LW,14,14,2,74,48,26,1,180,99,20:00,100,26.7,81,287,1,0,0,0,0,0,30,2.466666666666667,0.4666666666666667
jpc77ttv,Goalie,G,6,11,1,0,0,0,0,0,0,0:00,0,0,0,0,0,315,0.759,76,239,4.18,18,0,0.3333333333333333
F1yersx907,Center,,0,0,0,0,0,0,0,0,0,,0,0,0,0,0,0,0,0,0,0,0,0,0
Obrien42295,Left Wing,LW,14,18,4,87,42,45,-4,217,46,42:00,100,19.4,72,416,8,0,0,0,0,0,36,2.4166666666666665,0.3888888888888889
globalchronic42x,Right Wing,RW,37,27,5,176,82,94,52,316,197,82:00,37.1,25.9,158,789,31,0,0,0,0,0,69,2.550724637681159,0.5362318840579711
patrickisonfire,Center,C,9,16,2,46,14,32,-15,88,99,26:00,45.4,15.9,71,173,10,0,0,0,0,0,27,1.7037037037037037,0.3333333333333333
Nyg1227,Left Defense,LD,136,80,22,187,20,167,83,305,387,185:00,0,6.6,717,1253,96,0,0,0,0,0,238,0.7857142857142857,0.5714285714285714
Dalton_radford,Left Wing,LW,12,9,1,55,20,35,2,82,32,42:00,100,24.4,45,333,2,0,0,0,0,0,22,2.5,0.5454545454545454
Blaven,Right Defense,RD,59,56,4,124,22,102,11,258,904,219:00,100,8.5,257,694,82,0,0,0,0,0,119,1.0420168067226891,0.4957983193277311
Gio91502,Goalie,G,22,14,6,0,0,0,0,0,0,0:00,0,0,0,0,0,691,0.789,146,545,3.3,42,0,0.5238095238095238
LHSbrad35,Right Wing,RW,176,133,14,568,259,309,21,1498,938,264:00,46.2,17.3,712,2503,122,0,0,0,0,0,323,1.758513931888545,0.544891640866873
Badkitty93x,Right Wing,RW,41,24,5,195,96,99,56,263,172,11:00,40.6,36.5,146,684,18,0,0,0,0,0,70,2.7857142857142856,0.5857142857142857
YaBoiOvn,Left Wing,LW,46,43,7,241,143,98,-9,527,217,78:00,80,27.1,195,911,20,0,0,0,0,0,96,2.5104166666666665,0.4791666666666667
lilmitzvah,Left Wing,LW,0,2,0,0,0,0,-5,6,8,0:00,0,0,6,11,0,0,0,0,0,0,2,0,0
FleshEatingAlien,Right Wing,RW,14,9,3,63,29,34,0,107,130,15:00,47.8,27.1,56,322,5,0,0,0,0,0,26,2.423076923076923,0.5384615384615384
Al3xro_QC,Center,C,78,41,6,391,186,205,98,570,426,180:00,48.6,32.6,359,1453,48,0,0,0,0,0,125,3.128,0.624
Kaprizov97x,Left Wing,LW,68,56,11,368,170,198,17,551,442,70:00,20,30.9,272,1435,23,0,0,0,0,0,135,2.725925925925926,0.5037037037037037
jayvee2k1,Left Defense,LD,18,14,0,48,7,41,3,112,62,14:00,0,6.3,136,190,1,0,0,0,0,0,32,1.5,0.5625
charltonchew15,Right Wing,RW,12,10,2,50,22,28,-25,89,59,8:00,56.3,24.7,56,217,22,0,0,0,0,0,24,2.0833333333333335,0.5
xCLOUTIER10x,Left Defense,LD,78,42,9,94,6,88,58,99,161,72:00,0,6.1,337,777,65,0,0,0,0,0,129,0.7286821705426356,0.6046511627906976
Lilfutz,Goalie,G,46,61,10,0,0,0,0,0,0,0:00,0,0,0,0,0,2015,0.773,457,1558,3.89,117,0,0.39316239316239315
BlaznZigZagz420,Goalie,G,32,36,6,0,0,0,0,0,0,0:00,0,0,0,0,0,1291,0.798,261,1030,3.42,74,0,0.43243243243243246
PitbullD2K,Right Wing,RW,2,7,0,10,6,4,-29,31,7,2:00,25,19.4,12,67,2,0,0,0,0,0,9,1.1111111111111112,0.2222222222222222
Antg310,Left Wing,LW,124,110,19,541,286,255,-54,1039,186,272:00,33.3,27.5,434,2123,29,0,0,0,0,0,253,2.1383399209486167,0.4901185770750988
Danleking,Right Wing,RW,46,39,4,243,103,140,8,330,216,158:00,41.9,31.2,240,1177,22,0,0,0,0,0,89,2.730337078651685,0.5168539325842697
Kinglightskinn,Left Wing,LW,2,2,1,6,3,3,-4,18,8,0:00,0,16.7,7,46,1,0,0,0,0,0,5,1.2,0.4
ToneCarbone,Right Defense,RD,82,65,16,111,6,105,-40,130,337,116:00,100,4.6,467,777,27,0,0,0,0,0,163,0.6809815950920245,0.5030674846625767
hewittdave0,Goalie,G,59,71,5,0,0,0,0,0,0,0:00,0,0,0,0,0,2118,0.737,558,1560,4.07,135,0,0.43703703703703706
TheeMcVicz,Center,C,86,72,17,461,248,213,9,990,804,171:00,53.4,25.1,474,1630,62,0,0,0,0,0,175,2.6342857142857143,0.49142857142857144
xSheLovesSnags,Left Defense,LD,6,11,1,19,2,17,-22,20,14,12:00,0,10,68,115,27,0,0,0,0,0,18,1.0555555555555556,0.3333333333333333
dtala17,Right Wing,RW,4,2,1,33,14,19,10,29,13,2:00,100,48.3,15,130,1,0,0,0,0,0,7,4.714285714285714,0.5714285714285714
King_Formless,Right Defense,RD,2,2,0,4,1,3,2,1,18,0:00,0,100,9,31,1,0,0,0,0,0,4,1,0.5
cody_mcfly,Left Wing,LW,53,62,15,342,189,153,-23,525,88,119:00,100,36,275,1548,16,0,0,0,0,0,130,2.6307692307692307,0.4076923076923077
moose_goc76,Right Wing,RW,37,10,5,146,66,80,56,189,89,23:00,43.2,34.9,100,519,13,0,0,0,0,0,52,2.8076923076923075,0.7115384615384616
Ice_uck97,Goalie,G,28,32,8,0,0,0,0,0,0,0:00,0,0,0,0,0,1134,0.78,250,884,3.58,68,0,0.4117647058823529
BR3Wx25,Right Wing,RW,13,10,1,77,36,41,15,143,56,26:00,47.4,25.2,59,314,4,0,0,0,0,0,24,3.2083333333333335,0.5416666666666666
Lanzo091,Goalie,G,11,21,2,0,0,0,0,0,0,0:00,0,0,0,0,0,650,0.742,168,482,4.75,34,0,0.3235294117647059
Brett_14x,Center,,0,0,0,0,0,0,0,0,0,,0,0,0,0,0,0,0,0,0,0,0,0,0
ItzChico-_-,Goalie,G,36,22,4,0,0,0,0,0,0,0:00,0,0,0,0,0,969,0.789,208,765,3.29,62,0,0.5806451612903226
eZ_WiNS-313,Goalie,,0,0,0,0,0,0,0,0,0,,0,0,0,0,0,0,0,0,0,0,0,0,0
nibblingwalrus,Right Defense,RD,105,98,30,141,14,127,-69,290,285,143:00,100,4.8,690,1158,82,0,0,0,0,0,233,0.6051502145922747,0.45064377682403434
TheImperial757,Left Wing,LW,10,12,2,54,35,19,-20,108,212,45:00,100,32.4,53,215,4,0,0,0,0,0,24,2.25,0.4166666666666667
twilsontwotwo,Center,,0,0,0,0,0,0,0,0,0,,0,0,0,0,0,0,0,0,0,0,0,0,0
I--Ghosty--I,Right Wing,RW,36,38,9,229,135,94,1,327,85,185:00,30,41.3,211,956,6,0,0,0,0,0,83,2.7590361445783134,0.43373493975903615
HillysEgo,Left Defense,,0,0,0,0,0,0,0,0,0,,0,0,0,0,0,0,0,0,0,0,0,0,0
Asperzion,Goalie,G,73,44,12,0,0,0,0,0,0,0:00,0,0,0,0,0,1745,0.786,373,1372,2.86,129,0,0.5658914728682171
Tantillo818,Center,C,14,3,1,64,24,40,35,82,57,26:00,54.2,29.3,51,157,20,0,0,0,0,0,18,3.5555555555555554,0.7777777777777778
Natepownz,Right Defense,RD,31,25,7,71,5,66,16,53,63,40:00,0,9.4,175,413,60,0,0,0,0,0,63,1.126984126984127,0.49206349206349204
Mr_Janack12,Right Defense,RD,15,4,3,36,9,27,24,34,71,40:00,0,26.5,58,129,28,0,0,0,0,0,22,1.6363636363636365,0.6818181818181818
franknbeans776,Right Defense,RD,99,105,20,201,16,185,-60,232,667,121:00,0,6.9,638,1660,149,0,0,0,0,0,224,0.8973214285714286,0.4419642857142857
Damorien,Center,,0,0,0,0,0,0,0,0,0,,0,0,0,0,0,0,0,0,0,0,0,0,0
FrewX93,Left Defense,,0,0,0,0,0,0,0,0,0,,0,0,0,0,0,0,0,0,0,0,0,0,0
ASAPBenji-,Right Defense,RD,82,28,8,103,13,90,134,163,184,22:00,0,8,323,597,28,0,0,0,0,0,118,0.8728813559322034,0.6949152542372882
Mallia27,Goalie,G,123,88,12,0,0,0,0,0,0,0:00,0,0,0,0,0,3673,0.79,773,2900,3.33,223,0,0.5515695067264574
XvJaneiro,Left Wing,LW,3,8,0,22,13,9,-19,48,9,8:00,0,27.1,17,110,2,0,0,0,0,0,11,2,0.2727272727272727
Cameron_c46,Left Wing,LW,16,21,3,93,52,41,5,225,154,81:00,66.7,23.1,85,450,22,0,0,0,0,0,40,2.325,0.4
Pixel_Pwn,Right Defense,RD,24,4,1,22,1,21,40,39,29,15:00,100,2.6,88,132,1,0,0,0,0,0,29,0.7586206896551724,0.8275862068965517
Space_Pilot3000,Left Defense,LD,96,60,17,112,13,99,66,162,305,149:00,0,8,428,1119,67,0,0,0,0,0,173,0.6473988439306358,0.5549132947976878
Pxgani-,Left Wing,LW,60,37,7,289,165,124,27,635,51,75:00,44.4,26,222,1544,9,0,0,0,0,0,104,2.7788461538461537,0.5769230769230769
Bv_Ares,Left Defense,LD,37,34,6,71,15,56,-13,75,137,69:00,0,20,180,325,78,0,0,0,0,0,77,0.922077922077922,0.4805194805194805
BigDaddyNinja11,Goalie,G,41,50,12,0,0,0,0,0,0,0:00,0,0,0,0,0,1858,0.766,435,1423,4.09,103,0,0.39805825242718446
Jags19-,Right Wing,RW,13,8,3,63,26,37,-10,78,52,6:00,62.5,33.3,67,298,14,0,0,0,0,0,24,2.625,0.5416666666666666
vegasmtl,Right Wing,RW,31,17,4,124,63,61,43,310,230,63:00,47.6,20.3,114,374,22,0,0,0,0,0,52,2.3846153846153846,0.5961538461538461
Murbayn,Goalie,G,96,113,22,0,0,0,0,0,0,0:00,0,0,0,0,0,3903,0.783,846,3057,3.52,231,0,0.4155844155844156
Givens43,Left Wing,LW,23,27,2,142,89,53,-20,358,227,24:00,0,24.9,165,509,20,0,0,0,0,0,52,2.730769230769231,0.4423076923076923
kingprather,Left Defense,LD,1,0,0,0,0,0,1,1,3,0:00,0,0,2,10,0,0,0,0,0,0,1,0,1
Termanator432,Left Defense,LD,144,112,23,196,19,177,41,363,665,206:00,0,5.2,820,1171,102,0,0,0,0,0,279,0.7025089605734767,0.5161290322580645
Sabreshockey716,Left Wing,LW,86,61,12,352,189,163,42,734,260,171:00,50,25.7,346,1667,41,0,0,0,0,0,159,2.2138364779874213,0.5408805031446541
Killjustin87,Goalie,G,53,24,4,0,0,0,0,0,0,0:00,0,0,0,0,0,1163,0.804,228,935,2.71,81,0,0.654320987654321
TMoreau18,Right Defense,,0,0,0,0,0,0,0,0,0,,0,0,0,0,0,0,0,0,0,0,0,0,0
rusty88777,Right Defense,RD,91,46,17,114,2,117,97,46,979,231:00,0,4.3,424,731,66,0,0,0,0,0,154,0.7402597402597403,0.5909090909090909
ChiSouthSiderr,Right Defense,RD,7,6,2,22,2,20,8,16,36,21:00,0,12.5,41,129,0,0,0,0,0,0,15,1.4666666666666666,0.4666666666666667
AlphaWolfCK92,Left Defense,LD,72,66,12,111,8,103,5,118,480,85:00,0,6.8,404,727,110,0,0,0,0,0,150,0.74,0.48
lx_2Fast_4U_xl,Right Wing,RW,30,26,8,117,53,64,-13,219,148,112:00,46.6,24.2,143,703,15,0,0,0,0,0,64,1.828125,0.46875
lx_V1PER_xl,Right Defense,RD,89,65,20,145,11,134,44,245,336,154:00,100,4.5,520,873,128,0,0,0,0,0,174,0.8333333333333334,0.5114942528735632
LeBenderDefender,Left Defense,LD,28,22,6,49,4,45,31,58,188,68:00,0,6.9,175,433,43,0,0,0,0,0,56,0.875,0.5
Xdc7988,Left Wing,LW,91,99,14,458,208,250,-45,691,386,163:00,33.3,30.1,458,2583,26,0,0,0,0,0,204,2.2450980392156863,0.44607843137254904
Buckleyx18,Center,C,4,5,1,39,21,18,-5,55,45,6:00,57.8,38.2,23,95,16,0,0,0,0,0,10,3.9,0.4
Abiri-_-,Right Wing,RW,14,2,1,59,34,25,28,101,32,21:00,50,33.7,52,141,10,0,0,0,0,0,17,3.4705882352941178,0.8235294117647058
Pxntie,Left Wing,LW,9,3,0,37,8,29,17,36,21,18:00,50,22.2,32,95,9,0,0,0,0,0,12,3.0833333333333335,0.75
Vince_19QC,Right Defense,RD,11,14,1,20,3,17,-29,18,82,28:00,0,16.7,79,193,40,0,0,0,0,0,26,0.7692307692307693,0.4230769230769231
Jaylude,Center,C,81,86,17,380,149,231,-26,701,441,216:00,48.7,21.3,492,1165,54,0,0,0,0,0,184,2.0652173913043477,0.44021739130434784
RyGuy91x,Left Defense,LD,9,8,3,12,0,12,2,32,81,20:00,0,0,71,83,28,0,0,0,0,0,20,0.6,0.45
Hockeyguy1005,Goalie,G,91,78,15,0,0,0,0,0,0,0:00,0,0,0,0,0,3175,0.793,656,2519,3.43,184,0,0.4945652173913043
Habs3105,Right Wing,RW,0,0,0,0,0,0,0,0,0,0:00,0,0,0,0,0,0,0,0,0,0,0,0,0
ItzVench412,Left Wing,LW,66,65,16,325,154,172,-56,695,286,99:00,60,22.2,342,1598,23,0,0,0,0,0,147,2.2108843537414966,0.4489795918367347
Furdayzbuddy,Left Wing,LW,29,22,1,139,62,77,5,194,47,44:00,0,32,127,741,12,0,0,0,0,0,52,2.673076923076923,0.5576923076923077
Whoshotya_eljefe,Right Wing,RW,10,8,2,53,23,30,8,75,21,30:00,12.5,30.7,41,130,6,0,0,0,0,0,20,2.65,0.5
rlnz1_,Center,C,12,12,2,61,31,30,-17,90,127,6:00,48.7,34.4,73,205,30,0,0,0,0,0,26,2.3461538461538463,0.46153846153846156
Stonewall3029,Left Defense,,0,0,0,0,0,0,0,0,0,,0,0,0,0,0,0,0,0,0,0,0,0,0
I-Darby-I,Left Wing,LW,36,12,5,146,81,65,48,253,74,20:00,50,32,129,479,43,0,0,0,0,0,53,2.7547169811320753,0.6792452830188679
x_-NuCkZy-_x,Center,C,12,7,2,64,26,38,13,99,34,8:00,53.4,26.3,50,228,22,0,0,0,0,0,21,3.0476190476190474,0.5714285714285714
IiiIMessiahIiiI,Left Wing,LW,24,16,5,99,49,50,-20,204,49,14:00,75,24,90,431,0,0,0,0,0,0,45,2.2,0.5333333333333333
Heedlessjem420,Center,C,117,97,14,507,194,313,16,755,763,214:00,53.4,25.7,615,2257,74,0,0,0,0,0,228,2.223684210526316,0.5131578947368421
Bad_Girl_Qc84,Left Wing,LW,43,35,3,171,96,75,13,292,110,126:00,50,32.9,166,619,3,0,0,0,0,0,81,2.111111111111111,0.5308641975308642
GR812NV,Right Wing,,0,0,0,0,0,0,0,0,0,,0,0,0,0,0,0,0,0,0,0,0,0,0
oneeye15,Right Wing,RW,56,21,2,185,86,99,99,327,224,144:00,46.8,26.3,166,895,7,0,0,0,0,0,79,2.3417721518987342,0.7088607594936709
landon_ren,Left Defense,,0,0,0,0,0,0,0,0,0,,0,0,0,0,0,0,0,0,0,0,0,0,0
SugaShow92,Left Wing,LW,7,9,2,42,22,20,-27,95,38,12:00,100,23.2,39,167,13,0,0,0,0,0,18,2.3333333333333335,0.3888888888888889
bubica83,Right Defense,RD,49,32,4,36,1,35,35,115,374,88:00,0,0.9,209,230,81,0,0,0,0,0,85,0.4235294117647059,0.5764705882352941
Sinksmasher,Left Defense,LD,25,11,5,37,3,34,7,48,89,28:00,0,6.3,121,205,30,0,0,0,0,0,41,0.9024390243902439,0.6097560975609756
WesK73,Goalie,,0,0,0,0,0,0,0,0,0,,0,0,0,0,0,0,0,0,0,0,0,0,0
gnew543,Right Wing,RW,59,73,8,299,151,148,-91,748,421,73:00,41.1,20.2,286,1639,18,0,0,0,0,0,140,2.1357142857142857,0.42142857142857143
ThePimpinator,Goalie,G,62,23,6,0,0,0,0,0,0,0:00,0,0,0,0,0,1298,0.823,230,1068,2.47,91,0,0.6813186813186813
Cmdeadly,Center,C,25,21,3,112,32,80,0,136,69,58:00,51.5,23.5,167,525,15,0,0,0,0,0,49,2.2857142857142856,0.5102040816326531
Flipadxlphia,Left Defense,,0,0,0,0,0,0,0,0,0,,0,0,0,0,0,0,0,0,0,0,0,0,0
Nickgosensgo,Left Defense,LD,19,9,0,13,1,12,-4,19,160,18:00,0,5.3,75,104,24,0,0,0,0,0,28,0.4642857142857143,0.6785714285714286
JDogg1884,Left Defense,LD,11,10,2,13,0,13,-10,8,22,22:00,0,0,56,92,35,0,0,0,0,0,23,0.5652173913043478,0.4782608695652174
i-Envvy-,Right Wing,RW,35,35,7,207,97,110,-18,371,84,46:00,42.3,26.1,226,822,27,0,0,0,0,0,77,2.688311688311688,0.45454545454545453
MotherShabubu066,Left Defense,,0,0,0,0,0,0,0,0,0,,0,0,0,0,0,0,0,0,0,0,0,0,0
Barricade410,Right Wing,RW,116,72,10,500,315,185,76,951,591,97:00,37.1,33.1,359,1678,34,0,0,0,0,0,198,2.525252525252525,0.5858585858585859
lilShing,Right Defense,RD,52,37,7,76,12,64,24,125,244,126:00,0,9.6,252,642,65,0,0,0,0,0,96,0.7916666666666666,0.5416666666666666
XxR2D2x,Goalie,G,9,15,2,0,0,0,0,0,0,0:00,0,0,0,0,0,494,0.771,113,381,4.18,26,0,0.34615384615384615
TygCham,Goalie,G,132,129,19,0,0,0,-2,0,0,0:00,0,0,0,0,0,4368,0.791,912,3456,3.21,280,0,0.4714285714285714
DirtyDangl3r_Qc,Right Wing,RW,11,10,3,70,27,43,-6,82,89,44:00,23.3,32.9,66,355,10,0,0,0,0,0,24,2.9166666666666665,0.4583333333333333
Brock_Fraser34,Goalie,G,2,7,0,0,0,0,0,0,0,0:00,0,0,0,0,0,162,0.759,39,123,4.29,9,0,0.2222222222222222
psylencer,Right Defense,RD,49,34,11,67,8,59,42,87,203,108:00,0,9.2,301,519,50,0,0,0,0,0,94,0.7127659574468085,0.5212765957446809
Evildoink666,Left Defense,LD,61,66,10,80,13,67,-100,185,418,29:00,100,7,411,717,103,0,0,0,0,0,137,0.583941605839416,0.44525547445255476
Gaaauge,Left Defense,LD,17,28,4,29,2,27,-46,40,60,50:00,100,5,122,302,23,0,0,0,0,0,49,0.5918367346938775,0.3469387755102041
Harrison666hell,Left Defense,LD,0,1,0,2,0,2,-3,2,4,2:00,0,0,3,0,0,0,0,0,0,0,1,2,0
jerry1330,Left Wing,LW,36,27,6,158,83,75,0,270,50,20:00,100,30.7,169,738,25,0,0,0,0,0,69,2.289855072463768,0.5217391304347826
Klaybuckets-,Right Defense,,0,0,0,0,0,0,0,0,0,,0,0,0,0,0,0,0,0,0,0,0,0,0
VikingBeast-,Center,C,50,40,6,223,93,130,4,304,541,42:00,49.3,30.6,304,778,75,0,0,0,0,0,96,2.3229166666666665,0.5208333333333334
M4TRiX__SN1P3R,Left Defense,LD,14,9,3,32,1,31,23,11,80,26:00,0,9.1,50,154,19,0,0,0,0,0,26,1.2307692307692308,0.5384615384615384
TheDonFatherMTTM,Right Wing,RW,2,0,1,9,7,2,2,15,13,2:00,50,46.7,9,30,1,0,0,0,0,0,3,3,0.6666666666666666
Yourdadleftyou1,Goalie,G,15,13,2,0,0,0,0,0,0,0:00,0,0,0,0,0,495,0.808,95,400,3.05,30,0,0.5
PR7_Cfox,Right Defense,RD,46,44,5,69,3,66,-28,108,119,48:00,100,2.8,279,541,66,0,0,0,0,0,95,0.7263157894736842,0.4842105263157895
Joek1619,Goalie,G,48,31,11,0,0,0,0,0,0,0:00,0,0,0,0,0,1295,0.788,275,1020,2.97,90,0,0.5333333333333333
BarDownBarzal_13,Left Wing,LW,83,63,13,411,196,215,32,759,655,276:00,42.9,25.8,416,1831,29,0,0,0,0,0,159,2.5849056603773586,0.5220125786163522
TTV_trickshotman,Right Wing,RW,9,9,2,51,28,23,-19,77,13,4:00,45,36.4,38,212,15,0,0,0,0,0,20,2.55,0.45
Ace_G17_PGH,Left Wing,LW,91,62,11,330,171,159,56,713,285,100:00,57.1,24,398,1556,36,0,0,0,0,0,164,2.0121951219512195,0.5548780487804879
Roods-19,Center,C,16,7,0,77,37,40,51,126,41,12:00,50.5,29.4,56,218,15,0,0,0,0,0,23,3.347826086956522,0.6956521739130435
UnkyWinks69,Left Wing,LW,6,5,1,29,19,10,4,49,1,12:00,0,38.8,22,166,5,0,0,0,0,0,12,2.4166666666666665,0.5
Dahlinl7l,Left Defense,LD,54,18,6,83,9,74,82,80,179,120:00,0,11.3,229,546,73,0,0,0,0,0,78,1.064102564102564,0.6923076923076923
REAPINGxCHAOS,Left Defense,LD,9,14,1,12,0,12,-23,18,50,23:00,100,0,49,119,1,0,0,0,0,0,24,0.5,0.375
Jayareg79,Left Wing,LW,6,41,1,61,36,25,-168,124,247,85:00,66.7,29,131,457,10,0,0,0,0,0,48,1.2708333333333333,0.125
Dacrewzzzz,Right Wing,RW,42,76,7,215,111,104,-185,522,287,126:00,42.9,21.3,213,1145,37,0,0,0,0,0,125,1.72,0.336
egomaniacstud1,Right Wing,RW,2,6,0,5,1,4,-14,11,35,18:00,0,9.1,17,52,1,0,0,0,0,0,8,0.625,0.25
xBiGGiE8-_-,Left Wing,LW,1,2,0,6,3,3,0,14,0,4:00,0,21.4,5,40,1,0,0,0,0,0,3,2,0.3333333333333333
RzR_CHAMP,Goalie,,0,0,0,0,0,0,0,0,0,,0,0,0,0,0,0,0,0,0,0,0,0,0
Diggi8469,Right Wing,RW,127,136,19,817,478,339,-52,1490,242,223:00,24.5,32.1,599,3632,27,0,0,0,0,0,282,2.897163120567376,0.450354609929078
megaduke6665,Goalie,G,65,59,12,0,0,0,0,0,0,0:00,0,0,0,0,0,2194,0.766,513,1681,3.69,136,0,0.47794117647058826
Cummins_4YOU,Center,C,33,55,5,175,82,93,-118,310,341,124:00,52,26.5,238,845,87,0,0,0,0,0,93,1.881720430107527,0.3548387096774194
Leger_17,Goalie,G,0,0,0,0,0,0,0,0,0,0:00,0,0,0,0,0,0,0,0,0,0,0,0,0
l_-2-d-_l,Right Defense,,0,0,0,0,0,0,0,0,0,,0,0,0,0,0,0,0,0,0,0,0,0,0
jambo313,Right Defense,RD,5,4,0,2,1,1,-6,9,18,4:00,0,11.1,33,69,2,0,0,0,0,0,9,0.2222222222222222,0.5555555555555556
cujo4201985,Left Defense,LD,81,100,15,119,13,106,-103,227,592,168:00,0,5.7,499,1106,97,0,0,0,0,0,196,0.6071428571428571,0.413265306122449
xxHazzy-Eyesxx,Left Defense,LD,6,4,0,10,1,9,6,6,6,4:00,0,16.7,27,50,3,0,0,0,0,0,10,1,0.6
DesireSolaR,Right Wing,RW,18,17,7,115,65,50,-19,236,57,24:00,41.8,27.5,92,458,16,0,0,0,0,0,42,2.738095238095238,0.42857142857142855
Axful-_-,Left Defense,LD,13,2,2,17,1,16,20,19,2,6:00,0,5.3,48,77,19,0,0,0,0,0,17,1,0.7647058823529411
BigDik-Fingers,Right Wing,RW,88,65,16,384,196,188,28,644,423,161:00,38.1,30.4,344,1344,28,0,0,0,0,0,169,2.272189349112426,0.5207100591715976
JoGaG-83,Right Wing,RW,13,21,2,89,46,43,0,152,121,43:00,49.3,30.3,106,510,16,0,0,0,0,0,36,2.4722222222222223,0.3611111111111111
DatsyukQC13,Center,C,59,81,15,357,192,165,-94,722,76,227:00,51.8,26.6,432,1103,52,0,0,0,0,0,155,2.303225806451613,0.38064516129032255
nordiques26,Right Defense,,0,0,0,0,0,0,0,0,0,,0,0,0,0,0,0,0,0,0,0,0,0,0
Natale_59,Goalie,G,43,35,3,0,0,0,0,0,0,0:00,0,0,0,0,0,1246,0.774,282,964,3.39,81,0,0.5308641975308642
Ellustrious,Right Defense,RD,26,23,5,66,9,57,5,67,121,84:00,0,13.4,171,299,57,0,0,0,0,0,54,1.2222222222222223,0.48148148148148145
HellViaSin,Left Defense,LD,22,10,3,30,0,30,30,17,52,30:00,0,0,111,111,38,0,0,0,0,0,35,0.8571428571428571,0.6285714285714286
MadLuigi_Qc,Goalie,G,135,71,18,0,0,0,0,0,0,0:00,0,0,0,0,0,3405,0.818,619,2786,2.69,224,0,0.6026785714285714
MidnightNihilist,Left Defense,LD,17,24,3,31,5,26,-38,49,67,46:00,0,10.2,83,260,58,0,0,0,0,0,44,0.7045454545454546,0.38636363636363635
DbxSwanson,Center,C,18,5,2,68,24,46,26,95,102,57:00,53.4,25.3,65,293,1,0,0,0,0,0,25,2.72,0.72
jonnyrawton,Goalie,G,1,7,1,0,0,0,0,0,0,0:00,0,0,0,0,0,137,0.606,54,83,5.99,9,0,0.1111111111111111
SiMpLiFiEDChAoS,Right Wing,RW,31,43,7,183,99,84,-42,338,210,57:00,39.4,29.3,161,858,18,0,0,0,0,0,81,2.259259259259259,0.38271604938271603
JuiceStainz53,Right Defense,RD,7,8,0,25,3,22,-13,33,42,6:00,0,9.1,53,58,18,0,0,0,0,0,15,1.6666666666666667,0.4666666666666667
laydown61,Center,C,34,32,6,157,69,88,-3,268,344,48:00,52.7,25.7,185,344,74,0,0,0,0,0,72,2.1805555555555554,0.4722222222222222
LeafsNation22,Center,C,11,11,4,43,16,27,-9,64,123,14:00,54.1,25,73,130,24,0,0,0,0,0,26,1.6538461538461537,0.4230769230769231
John22019,Left Defense,LD,55,47,6,89,11,78,-25,104,271,75:00,0,10.6,265,615,80,0,0,0,0,0,108,0.8240740740740741,0.5092592592592593
DaBirdMan27,Left Wing,LW,11,27,5,111,54,57,-75,160,64,55:00,50,33.8,76,625,1,0,0,0,0,0,43,2.5813953488372094,0.2558139534883721
ItzRoachyy,Right Wing,RW,34,27,7,170,90,80,1,383,129,44:00,36.2,23.5,172,732,8,0,0,0,0,0,68,2.5,0.5
Bsavage28,Center,C,13,5,1,55,24,31,4,92,18,12:00,51.6,26.1,46,154,24,0,0,0,0,0,19,2.8947368421052633,0.6842105263157895
Tangelis,Right Defense,RD,2,1,0,2,1,1,4,4,1,2:00,0,25,7,10,0,0,0,0,0,0,3,0.6666666666666666,0.6666666666666666
LEGRINGO38,Left Defense,LD,0,0,0,0,0,0,0,0,0,0:00,0,0,0,0,0,0,0,0,0,0,0,0,0
iFillyzzz,Right Wing,RW,9,13,0,33,13,20,-27,64,54,35:00,47.4,20.3,61,217,13,0,0,0,0,0,22,1.5,0.4090909090909091
Mr_Kassel,Goalie,G,8,17,2,0,0,0,0,0,0,0:00,0,0,0,0,0,465,0.748,117,348,4.23,27,0,0.2962962962962963
Loimcloth,Right Wing,RW,28,25,8,127,59,68,-25,237,116,69:00,40.8,24.9,117,596,22,0,0,0,0,0,61,2.081967213114754,0.45901639344262296
XxFatDiplomatxX,Left Defense,LD,13,24,1,28,3,25,-51,34,311,51:00,100,8.8,122,286,21,0,0,0,0,0,38,0.7368421052631579,0.34210526315789475
KryptoJayTTV,Left Defense,LD,37,32,5,72,13,59,-16,176,275,79:00,0,7.4,179,379,48,0,0,0,0,0,74,0.972972972972973,0.5
J715849,Right Defense,RD,4,9,1,10,0,10,-7,23,11,6:00,0,0,43,108,16,0,0,0,0,0,14,0.7142857142857143,0.2857142857142857
BaRtMaN42008,Goalie,G,47,33,9,0,0,0,0,0,0,0:00,0,0,0,0,0,1373,0.78,302,1071,3.31,89,0,0.5280898876404494
Jets76-bradyk14,Left Defense,LD,2,1,0,3,0,3,-3,1,2,2:00,0,0,6,11,1,0,0,0,0,0,3,1,0.6666666666666666
Swish054,Goalie,G,60,38,14,0,0,0,0,0,0,0:00,0,0,0,0,0,1849,0.805,361,1488,3.05,112,0,0.5357142857142857
god_of_war_22,Left Wing,LW,28,29,3,142,75,67,-31,249,158,24:00,100,30.1,134,590,15,0,0,0,0,0,60,2.3666666666666667,0.4666666666666667
ShirtNoService,Goalie,,0,0,0,0,0,0,0,0,0,,0,0,0,0,0,0,0,0,0,0,0,0,0
l-Datsyuk_13-l,Goalie,,0,0,0,0,0,0,0,0,0,,0,0,0,0,0,0,0,0,0,0,0,0,0
Zozpekt1,Right Wing,RW,16,22,1,64,26,38,-32,159,79,77:00,35.7,16.4,82,377,6,0,0,0,0,0,39,1.641025641025641,0.41025641025641024
Dragonskull69,Goalie,G,16,5,3,0,0,0,0,0,0,0:00,0,0,0,0,0,296,0.811,56,240,2.26,24,0,0.6666666666666666
JRush,Right Defense,RD,1,3,2,7,0,7,-10,3,6,6:00,0,0,17,58,14,0,0,0,0,0,6,1.1666666666666667,0.16666666666666666
Fck_itsbingey,Left Wing,LW,54,40,4,266,121,145,34,385,245,104:00,100,31.4,247,1139,18,0,0,0,0,0,98,2.7142857142857144,0.5510204081632653
Kingryguy,Right Wing,RW,28,42,4,213,106,107,-47,373,165,34:00,35.8,28.4,153,822,37,0,0,0,0,0,74,2.8783783783783785,0.3783783783783784
Diogo_723,Right Wing,RW,17,20,3,93,47,46,-18,165,87,46:00,46.4,28.5,107,509,14,0,0,0,0,0,40,2.325,0.425
Apexpereira,Right Defense,RD,8,2,2,17,0,17,22,7,19,16:00,0,0,28,60,11,0,0,0,0,0,12,1.4166666666666667,0.6666666666666666
DreamzVIL,Goalie,,0,0,0,0,0,0,0,0,0,,0,0,0,0,0,0,0,0,0,0,0,0,0
Matarazzo1738,Right Wing,RW,2,10,0,31,17,14,-24,51,11,8:00,37.5,33.3,33,115,3,0,0,0,0,0,12,2.5833333333333335,0.16666666666666666
Bob_De_Lion,Right Wing,RW,4,7,1,23,11,12,-11,48,44,20:00,20,22.9,20,79,0,0,0,0,0,0,12,1.9166666666666667,0.3333333333333333
Tml_duff,Goalie,G,0,1,0,0,0,0,0,0,0,0:00,0,0,0,0,0,23,0.565,10,13,10,1,0,0
Heavyarms97,Goalie,G,26,67,9,0,0,0,0,0,0,0:00,0,0,0,0,0,1822,0.741,472,1350,4.53,102,0,0.2549019607843137
Silent_Rocker30,Right Defense,RD,38,24,4,51,4,47,18,57,60,78:00,100,7,203,436,14,0,0,0,0,0,66,0.7727272727272727,0.5757575757575758
Mattybcanucks,Right Wing,RW,32,48,8,164,95,69,-39,321,68,74:00,39.8,29.6,162,657,7,0,0,0,0,0,88,1.8636363636363635,0.36363636363636365
sugarcoatz,Right Defense,RD,109,125,23,146,7,139,-48,172,941,188:00,100,4.1,763,1064,85,0,0,0,0,0,257,0.5680933852140078,0.42412451361867703
PKEXCLUSIVE34,Right Wing,RW,7,6,1,41,21,20,4,71,29,8:00,60,29.6,24,201,2,0,0,0,0,0,14,2.9285714285714284,0.5
Liquiduzs,Left Wing,LW,16,17,3,61,29,32,-38,162,84,18:00,0,17.9,58,352,12,0,0,0,0,0,36,1.6944444444444444,0.4444444444444444
Rick_F_73,Right Defense,RD,43,25,10,65,9,56,5,69,177,55:00,100,13,185,438,86,0,0,0,0,0,78,0.8333333333333334,0.5512820512820513
D0wn1nSm0ke,Goalie,G,4,6,0,0,0,0,0,0,0,0:00,0,0,0,0,0,167,0.76,40,127,3.96,10,0,0.4
CookedMegaToast,Center,C,52,40,7,219,90,129,28,354,289,77:00,52.8,25.4,240,910,41,0,0,0,0,0,99,2.212121212121212,0.5252525252525253
Fedorov91x,Goalie,G,150,173,29,0,0,0,-5,0,0,0:00,0,0,0,0,0,5952,0.787,1265,4687,3.51,352,0,0.42613636363636365
eddropedro101,Right Defense,RD,19,20,0,19,4,15,-2,60,60,38:00,0,6.7,86,230,7,0,0,0,0,0,39,0.48717948717948717,0.48717948717948717
worf26,Goalie,G,71,41,7,0,0,0,0,0,0,0:00,0,0,0,0,0,1546,0.804,303,1243,2.52,119,0,0.5966386554621849
GunnarWulf,Left Wing,LW,44,29,8,156,80,76,-2,285,245,52:00,100,28.1,201,825,15,0,0,0,0,0,81,1.9259259259259258,0.5432098765432098
Helmy613,Right Wing,RW,1,3,1,2,2,0,-4,18,14,0:00,60,11.1,10,48,0,0,0,0,0,0,5,0.4,0.2
bk_theMan,Right Wing,RW,1,5,0,9,5,4,-21,21,13,2:00,18.2,23.8,9,61,2,0,0,0,0,0,6,1.5,0.16666666666666666
xsend-it_519x,Right Defense,RD,15,26,6,39,7,32,-76,48,100,80:00,0,14.6,125,111,87,0,0,0,0,0,47,0.8297872340425532,0.3191489361702128
MachineGunLange,Left Defense,LD,23,12,4,35,6,29,27,37,75,47:00,0,16.2,92,208,34,0,0,0,0,0,39,0.8974358974358975,0.5897435897435898
newfieginger,Goalie,G,13,19,3,0,0,0,0,0,0,0:00,0,0,0,0,0,540,0.757,131,409,3.64,35,0,0.37142857142857144
Kitten_Mittons_0,Center,C,8,13,3,28,11,17,-39,62,38,8:00,49.1,17.7,62,166,37,0,0,0,0,0,24,1.1666666666666667,0.3333333333333333
slinger510,Left Defense,LD,22,27,4,55,11,44,5,56,136,42:00,0,19.6,144,348,59,0,0,0,0,0,53,1.0377358490566038,0.41509433962264153
King-Kush1331,Center,C,46,42,9,204,77,127,-28,347,177,100:00,50.9,22.2,222,953,37,0,0,0,0,0,97,2.1030927835051547,0.4742268041237113
ArtVanNostrand,Goalie,,0,0,0,0,0,0,0,0,0,,0,0,0,0,0,0,0,0,0,0,0,0,0
BFM_CloutGod,Goalie,G,3,11,1,0,0,0,0,0,0,0:00,0,0,0,0,0,254,0.689,79,175,5.17,15,0,0.2
Blisterix,Goalie,G,18,14,2,0,0,0,0,0,0,0:00,0,0,0,0,0,551,0.842,87,464,2.56,34,0,0.5294117647058824
xJesseSkinner-,Left Wing,LW,43,26,3,185,93,92,37,281,103,81:00,0,33.1,158,915,18,0,0,0,0,0,72,2.5694444444444446,0.5972222222222222
PhantomHellcat,Right Defense,,0,0,0,0,0,0,0,0,0,,0,0,0,0,0,0,0,0,0,0,0,0,0
GT_LUMPII_,Right Defense,RD,15,26,4,47,6,41,-49,66,161,70:00,100,9.1,168,285,60,0,0,0,0,0,45,1.0444444444444445,0.3333333333333333
Mr_grind09,Right Wing,,0,0,0,0,0,0,0,0,0,,0,0,0,0,0,0,0,0,0,0,0,0,0
Del-Trudo-9,Right Wing,RW,14,11,5,68,25,43,3,99,65,32:00,42.9,25.3,58,248,28,0,0,0,0,0,30,2.2666666666666666,0.4666666666666667
PromisePie_,Left Defense,,0,0,0,0,0,0,0,0,0,,0,0,0,0,0,0,0,0,0,0,0,0,0
FrostMetroid,Right Wing,RW,10,15,6,58,31,27,-40,106,60,36:00,36.4,29.2,71,296,13,0,0,0,0,0,31,1.8709677419354838,0.3225806451612903
Uncle_hacksaw,Left Defense,LD,69,24,12,96,17,79,79,126,181,118:00,0,13.5,274,843,13,0,0,0,0,0,105,0.9142857142857143,0.6571428571428571
BakonBlitz,Center,,0,0,0,0,0,0,0,0,0,,0,0,0,0,0,0,0,0,0,0,0,0,0
muted-nobody2,Goalie,G,7,4,1,0,0,0,0,0,0,0:00,0,0,0,0,0,157,0.815,29,128,2.35,12,0,0.5833333333333334
KarlKruz,Right Defense,RD,27,20,4,40,6,34,10,39,358,65:00,0,15.4,156,280,61,0,0,0,0,0,51,0.7843137254901961,0.5294117647058824
Dont_Stop_Meow,Right Defense,RD,7,4,3,16,5,11,8,21,14,8:00,0,23.8,36,97,19,0,0,0,0,0,14,1.1428571428571428,0.5
Ernie_Adams,Left Wing,LW,5,20,2,35,19,16,-59,121,96,60:00,22.2,15.7,54,284,4,0,0,0,0,0,27,1.2962962962962963,0.18518518518518517
Whiter_66,Center,C,4,13,1,31,13,18,-23,51,29,20:00,53.4,25.5,42,157,20,0,0,0,0,0,18,1.7222222222222223,0.2222222222222222
youngguns5522,Goalie,,0,0,0,0,0,0,0,0,0,,0,0,0,0,0,0,0,0,0,0,0,0,0
xFATDTCKx,Goalie,G,26,15,5,0,0,0,0,0,0,0:00,0,0,0,0,0,761,0.802,151,610,3.22,46,0,0.5652173913043478
DirtyDangler82,Right Wing,RW,23,47,3,175,103,72,-100,338,97,73:00,26.9,30.5,197,935,29,0,0,0,0,0,73,2.3972602739726026,0.3150684931506849
GreasyBenito,Left Defense,LD,8,13,0,19,0,19,-29,12,31,30:00,0,0,55,86,21,0,0,0,0,0,21,0.9047619047619048,0.38095238095238093
BHwy1100,Right Defense,RD,13,8,3,16,0,16,11,17,63,18:00,0,0,90,134,25,0,0,0,0,0,24,0.6666666666666666,0.5416666666666666
Jnewts8,Left Wing,LW,4,3,3,21,14,7,-6,38,19,20:00,100,36.8,21,106,2,0,0,0,0,0,10,2.1,0.4
Co-Kane88,Center,C,10,7,5,49,26,23,-8,96,123,37:00,50.4,27.1,54,228,10,0,0,0,0,0,22,2.227272727272727,0.45454545454545453
SauceShow709,Left Wing,LW,87,63,11,361,122,239,12,589,133,197:00,50,20.7,401,1763,27,0,0,0,0,0,161,2.2422360248447206,0.5403726708074534
TWild10,Center,C,5,0,0,17,6,11,12,17,27,8:00,55,35.3,17,52,3,0,0,0,0,0,5,3.4,1
BenchBoss67,Left Wing,LW,2,9,2,14,9,5,-28,34,27,6:00,0,26.5,17,69,0,0,0,0,0,0,13,1.0769230769230769,0.15384615384615385
Cyrus1092,Center,C,0,2,0,5,0,5,-2,1,2,0:00,33.8,0,8,12,2,0,0,0,0,0,2,2.5,0
Salter19,Left Wing,LW,9,20,5,59,36,23,-49,182,124,34:00,0,19.8,77,357,18,0,0,0,0,0,34,1.7352941176470589,0.2647058823529412
BUD_WEIS_ER_19,Goalie,G,47,45,7,0,0,0,0,0,0,0:00,0,0,0,0,0,1699,0.811,321,1378,3.12,99,0,0.47474747474747475
Traz615,Center,C,45,46,6,188,67,121,-8,415,202,126:00,54.3,16.1,302,867,52,0,0,0,0,0,97,1.9381443298969072,0.4639175257731959
Bigajd09,Right Defense,RD,9,14,3,9,2,7,-48,24,75,23:00,0,8.3,70,124,3,0,0,0,0,0,26,0.34615384615384615,0.34615384615384615
vZaire-,Left Wing,LW,17,39,3,115,64,51,-73,297,69,86:00,66.7,21.5,101,685,2,0,0,0,0,0,59,1.9491525423728813,0.288135593220339
ImmuneHen,Goalie,G,71,23,11,0,0,0,0,0,0,0:00,0,0,0,0,0,1399,0.794,288,1111,2.62,105,0,0.6761904761904762
lil_Bert59,Center,C,1,0,0,3,1,2,4,4,3,0:00,51.5,25,4,2,1,0,0,0,0,0,1,3,1
gbdrumify,Right Defense,RD,2,2,0,5,1,4,-4,10,11,6:00,0,10,7,26,1,0,0,0,0,0,4,1.25,0.5
Jevaxx,Right Defense,RD,0,0,0,0,0,0,0,0,0,0:00,0,0,0,0,0,0,0,0,0,0,0,0,0
Careym,Goalie,G,72,79,13,0,0,0,0,0,0,0:00,0,0,0,0,0,2759,0.771,631,2128,3.75,164,0,0.43902439024390244
Heatshow19,Right Wing,RW,22,19,4,117,59,58,6,166,41,16:00,51.4,35.5,71,275,16,0,0,0,0,0,45,2.6,0.4888888888888889
Sweat2hard_68,Right Wing,RW,52,80,7,290,144,150,-164,551,117,177:00,24.2,26.1,309,1411,2,0,0,0,0,0,139,2.0863309352517985,0.37410071942446044
Richardson47,Center,C,9,6,3,30,15,15,-11,55,61,28:00,46.5,27.3,37,164,12,0,0,0,0,0,18,1.6666666666666667,0.5
Pocosniper,Left Wing,LW,1,7,0,9,4,5,-20,11,8,10:00,0,36.4,21,108,1,0,0,0,0,0,8,1.125,0.125
trott1er7,Right Wing,,0,0,0,0,0,0,0,0,0,,0,0,0,0,0,0,0,0,0,0,0,0,0
Sheldog7704,Goalie,,0,0,0,0,0,0,0,0,0,,0,0,0,0,0,0,0,0,0,0,0,0,0
IzzBot_,Center,C,39,13,0,109,44,65,47,161,174,46:00,53.8,27.3,174,587,3,0,0,0,0,0,52,2.0961538461538463,0.75
D34DLY_ST1CK,Right Wing,RW,5,6,0,20,11,9,-9,34,22,2:00,18.8,32.4,32,106,3,0,0,0,0,0,11,1.8181818181818181,0.45454545454545453
BigMork,Right Wing,RW,6,7,0,34,17,17,-11,64,44,22:00,50,26.6,31,160,11,0,0,0,0,0,13,2.6153846153846154,0.46153846153846156
koberipple,Goalie,G,6,19,1,0,0,0,0,0,0,0:00,0,0,0,0,0,511,0.689,159,352,5.87,26,0,0.23076923076923078
T_MACK19,Right Wing,,0,0,0,0,0,0,0,0,0,,0,0,0,0,0,0,0,0,0,0,0,0,0
JePeto_132,Center,C,58,66,10,290,118,172,-51,499,797,184:00,52.9,23.6,360,849,65,0,0,0,0,0,134,2.1641791044776117,0.43283582089552236
Xxja-kobexX,Center,,0,0,0,0,0,0,0,0,0,,0,0,0,0,0,0,0,0,0,0,0,0,0
ncs220,Left Defense,,0,0,0,0,0,0,0,0,0,,0,0,0,0,0,0,0,0,0,0,0,0,0
PhillySteve76,Goalie,G,87,61,14,0,0,0,0,0,0,0:00,0,0,0,0,0,2544,0.801,496,2037,3.02,162,0,0.5370370370370371
Jetup91,Left Defense,LD,24,11,3,27,8,19,0,45,151,15:00,0,17.8,89,175,53,0,0,0,0,0,38,0.7105263157894737,0.631578947368421
G_bone8,Left Wing,LW,19,27,4,98,55,43,-19,247,242,30:00,100,22.3,118,512,25,0,0,0,0,0,50,1.96,0.38
martysox2,Right Wing,RW,23,27,5,120,58,62,-25,258,154,26:00,45.6,22.5,147,640,12,0,0,0,0,0,55,2.1818181818181817,0.41818181818181815
IcyHot777,Left Wing,,0,0,0,0,0,0,0,0,0,,0,0,0,0,0,0,0,0,0,0,0,0,0
xWicki-,Left Defense,LD,21,35,7,34,1,33,-79,30,164,86:00,0,3.3,130,382,108,0,0,0,0,0,63,0.5396825396825397,0.3333333333333333
Xx_91-TAVARES_xX,Center,C,35,29,7,160,58,102,10,170,262,76:00,47,34.1,193,472,33,0,0,0,0,0,71,2.2535211267605635,0.49295774647887325
parky_8,Goalie,G,48,30,11,0,0,0,0,0,0,0:00,0,0,0,0,0,1545,0.815,286,1259,3.01,89,0,0.5393258426966292
NHL_Toronto_Rule,Left Wing,,0,0,0,0,0,0,0,0,0,,0,0,0,0,0,0,0,0,0,0,0,0,0
GravitySnipez72,Goalie,G,13,9,0,0,0,0,0,0,0,0:00,0,0,0,0,0,303,0.752,75,228,3.37,22,0,0.5909090909090909
xAmateur_Hour,Left Wing,LW,7,12,2,50,29,21,-18,82,87,14:00,16.7,35.4,62,168,7,0,0,0,0,0,21,2.380952380952381,0.3333333333333333
kuffnlink,Right Defense,,0,0,0,0,0,0,0,0,0,,0,0,0,0,0,0,0,0,0,0,0,0,0
Msantos,Center,C,37,34,7,149,50,99,-4,151,234,86:00,48.2,33.1,142,526,66,0,0,0,0,0,78,1.9102564102564104,0.47435897435897434
MikeK59,Right Defense,RD,93,78,10,133,10,123,-23,255,506,180:00,0,3.9,525,780,79,0,0,0,0,0,181,0.7348066298342542,0.5138121546961326
Stag_Arms-USA,Right Wing,RW,50,56,7,250,111,139,-45,541,438,118:00,39.3,20.5,293,1346,32,0,0,0,0,0,113,2.2123893805309733,0.4424778761061947
Neverforgotten11,Left Wing,LW,91,81,14,453,237,216,-73,867,385,172:00,28.6,27.3,460,2264,18,0,0,0,0,0,186,2.435483870967742,0.489247311827957
churchy1707,Right Defense,RD,11,13,4,26,8,18,-4,28,82,38:00,0,28.6,65,120,22,0,0,0,0,0,28,0.9285714285714286,0.39285714285714285
Marcococo07,Right Wing,RW,1,4,0,10,7,3,-6,16,8,6:00,22.2,43.8,14,54,1,0,0,0,0,0,5,2,0.2
JonnyT-21,Goalie,G,83,43,8,0,0,0,0,0,0,0:00,0,0,0,0,0,2008,0.813,376,1632,2.75,134,0,0.6194029850746269
Thecrazyman4,Goalie,,0,0,0,0,0,0,0,0,0,,0,0,0,0,0,0,0,0,0,0,0,0,0
Lequebecois93,Left Defense,LD,14,10,1,27,3,24,-7,26,145,20:00,0,11.5,73,134,22,0,0,0,0,0,25,1.08,0.56
Avman812,Right Wing,RW,41,48,9,232,102,130,-32,408,418,91:00,42.4,25,228,1017,30,0,0,0,0,0,98,2.36734693877551,0.41836734693877553
zPowPow_MMA,Left Wing,,0,0,0,0,0,0,0,0,0,,0,0,0,0,0,0,0,0,0,0,0,0,0
TRllPP,Center,C,28,48,3,135,51,84,-62,240,476,62:00,52,21.3,197,537,65,0,0,0,0,0,79,1.7088607594936709,0.35443037974683544
NuttyOutlaw13,Left Wing,LW,98,107,14,617,352,265,-59,1104,347,238:00,20,31.9,524,2374,33,0,0,0,0,0,219,2.817351598173516,0.4474885844748858
L33t-Ricx0r,Center,C,17,7,1,64,21,43,29,46,32,24:00,49,45.7,92,316,16,0,0,0,0,0,25,2.56,0.68
Jinglebells96,Left Wing,LW,72,73,12,344,178,166,-63,698,333,93:00,71.4,25.5,321,1657,59,0,0,0,0,0,157,2.1910828025477707,0.4585987261146497
JellyFamBrandon-,Left Wing,LW,12,28,2,71,28,43,-71,134,122,12:00,25,20.9,94,372,20,0,0,0,0,0,42,1.6904761904761905,0.2857142857142857
marktsib,Right Defense,RD,54,23,7,71,5,66,42,85,174,75:00,0,5.9,251,493,66,0,0,0,0,0,84,0.8452380952380952,0.6428571428571429
Albxrt92,Goalie,G,6,3,3,0,0,0,0,0,0,0:00,0,0,0,0,0,183,0.787,39,144,3.08,12,0,0.5
JGod350,Right Wing,RW,42,35,6,173,91,82,-15,319,143,52:00,34.7,28.5,184,983,25,0,0,0,0,0,83,2.0843373493975905,0.5060240963855421
K-X-N-E-8-8,Left Wing,LW,16,3,0,66,26,40,40,79,62,14:00,100,32.9,45,234,10,0,0,0,0,0,19,3.473684210526316,0.8421052631578947
DonaldAssman44,Left Defense,LD,51,56,6,44,5,39,-52,83,269,60:00,100,6,331,422,87,0,0,0,0,0,113,0.3893805309734513,0.45132743362831856
TactualOne976,Right Wing,,0,0,0,0,0,0,0,0,0,,0,0,0,0,0,0,0,0,0,0,0,0,0
BillysNYR30,Left Defense,LD,10,20,4,16,2,14,-55,27,120,44:00,0,7.4,96,162,46,0,0,0,0,0,34,0.47058823529411764,0.29411764705882354
Darbyclark31,Goalie,G,31,78,15,0,0,0,0,0,0,0:00,0,0,0,0,0,2071,0.727,565,1506,4.51,124,0,0.25
XxKwXaXzYxX,Right Wing,RW,57,31,5,208,102,106,66,328,286,14:00,39.2,31.1,211,972,28,0,0,0,0,0,93,2.236559139784946,0.6129032258064516
Scubasteve41111,Right Defense,RD,47,29,6,68,9,59,37,87,464,88:00,0,10.3,250,378,107,0,0,0,0,0,82,0.8292682926829268,0.573170731707317
Newfiehockey16,Right Wing,RW,2,5,3,31,14,17,-1,49,35,0:00,20,28.6,22,95,7,0,0,0,0,0,10,3.1,0.2
ohKappyy,Left Wing,LW,3,9,1,26,13,13,-21,57,18,10:00,0,22.8,23,143,6,0,0,0,0,0,13,2,0.23076923076923078
Don_Elway,Left Defense,LD,68,75,10,86,13,73,-79,156,292,89:00,0,8.3,356,683,102,0,0,0,0,0,153,0.5620915032679739,0.4444444444444444
dj_pcu,Center,C,29,17,7,143,44,99,28,196,89,40:00,53.1,22.4,123,523,56,0,0,0,0,0,53,2.69811320754717,0.5471698113207547
ulffy1994,Left Wing,,0,0,0,0,0,0,0,0,0,,0,0,0,0,0,0,0,0,0,0,0,0,0
Mangiapane88_,Left Wing,LW,12,18,1,79,39,40,-17,143,11,20:00,0,27.3,85,353,10,0,0,0,0,0,31,2.5483870967741935,0.3870967741935484
Ze2-,Right Wing,RW,3,8,2,25,13,12,-23,46,24,6:00,18.8,28.3,41,175,2,0,0,0,0,0,13,1.9230769230769231,0.23076923076923078
JohnEWalker,Goalie,G,8,10,1,0,0,0,0,0,0,0:00,0,0,0,0,0,313,0.735,83,230,4.31,19,0,0.42105263157894735
Pud61er,Right Wing,RW,16,20,4,80,44,36,-39,188,115,22:00,30,23.4,102,504,4,0,0,0,0,0,40,2,0.4
DownSouth_Outlaw,Right Defense,RD,1,1,2,2,0,2,-11,8,8,0:00,0,0,9,12,4,0,0,0,0,0,4,0.5,0.25
xxBluntz88xx,Right Wing,RW,49,30,9,240,103,137,58,329,182,65:00,36,31.3,215,913,26,0,0,0,0,0,88,2.727272727272727,0.5568181818181818
makenaseed86,Left Defense,LD,46,37,8,66,6,60,-6,88,397,76:00,0,6.8,256,381,33,0,0,0,0,0,91,0.7252747252747253,0.5054945054945055
DrtMcGrt,Center,C,61,60,12,311,139,172,3,607,528,82:00,48.6,22.9,368,1047,80,0,0,0,0,0,133,2.338345864661654,0.45864661654135336
Komibryant88,Left Defense,LD,22,17,3,43,5,38,9,33,121,47:00,0,15.2,129,276,35,0,0,0,0,0,42,1.0238095238095237,0.5238095238095238
Crom__74,Right Defense,,0,0,0,0,0,0,0,0,0,,0,0,0,0,0,0,0,0,0,0,0,0,0
